{
  "project_info": {
    "project_number": "331477612269",
    "firebase_url": "https://database-for-air-monitoring-default-rtdb.firebaseio.com",
    "project_id": "database-for-air-monitoring",
    "storage_bucket": "database-for-air-monitoring.appspot.com"
  },
  "client": [
    {
      "client_info": {
        "mobilesdk_app_id": "1:331477612269:android:bb73d1bb41ee90dcbbfee4",
        "android_client_info": {
          "package_name": "com.example.androidui_androidstudio"
        }
      },
      "oauth_client": [],
      "api_key": [
        {
          "current_key": "AIzaSyC9RkWDXbbSzvc4iNwlzeTSHEMGiL3B0FI"
        }
      ],
      "services": {
        "appinvite_service": {
          "other_platform_oauth_client": []
        }
      }
    }
  ],
  "configuration_version": "1"
}